{"stats":{"minecraft:used":{"minecraft:dirt":5,"minecraft:crafting_table":1},"minecraft:picked_up":{"minecraft:stick":1,"minecraft:oak_log":2,"minecraft:dirt":6},"minecraft:dropped":{"minecraft:dirt":1,"minecraft:stick":1},"minecraft:custom":{"minecraft:time_since_rest":4554,"minecraft:crouch_one_cm":3,"minecraft:play_time":4554,"minecraft:sprint_one_cm":6142,"minecraft:damage_taken":40,"minecraft:walk_one_cm":3138,"minecraft:sneak_time":3,"minecraft:drop":2,"minecraft:jump":66,"minecraft:leave_game":1,"minecraft:time_since_death":4554,"minecraft:total_world_time":4554,"minecraft:fall_one_cm":2653,"minecraft:fly_one_cm":11592},"minecraft:mined":{"minecraft:grass":5,"minecraft:grass_block":4,"minecraft:oak_log":2,"minecraft:dirt":1},"minecraft:crafted":{"minecraft:oak_planks":8,"minecraft:crafting_table":1,"minecraft:stick":4}},"DataVersion":3465}